{
    "indy_robot": {
        "urdf_location": "./models/indy7_coarse/indy7.urdf",
        "lower_limit":[-3.05432619099,-3.05432619099,-3.05432619099,-3.05432619099,-3.05432619099,-3.75245789179],
		"upper_limit":[3.05432619099,3.05432619099,3.05432619099,3.05432619099,3.05432619099,3.75245789179],
		"joint_names":["joint0","joint1","joint2","joint3","joint4","joint5"],
        "base_link_name":"base_link",
        "tcp_link_name":"tcp",
        "base_position":[1.5,1.5,0],
        "base_orientation":[0,0,0],
        "joint_init":   [-2.76285563e-01, -7.64454053e-01, -1.05993823e+00, -1.74532889e-04,-1.28752912e+00, -2.82743280e-01],
		"JOINTNUM":6,
        "target":[0,1,0,0,0.5,0,0.3]

    },
    "robot_collision": {
        "urdf_location": "./models/indy7_collision_coarse/indy7.urdf",
        "lower_limit":[1.0,0.0,0.0,0.0,0.0,0.0,0.0,0.0,0.0],
		"upeer_limit":[1.0,0.0,0.0,0.0,0.0,0.0,0.0,0.0,0.0],
		"joint_names":["joint0","joint1","joint2","joint3","joint4","joint5"],
        "base_link_name":"link0",
        "tcp_link_name":"tcp",
        "base_position":[1,1,0],
        "base_orientation":[0,0,0],
        "JOINTNUM":6
    },
    "camera":{
    "topic_name":"/camera/depth_registered/points",
    //"topic_name":"/depth/points",
    

"BaseToCamera":
[[0.3759199037394889,0.8295416591142095,0.4129707759231133,0.34],
[-0.651112372853196,0.5535611527636011,-0.5192520852808526,0.64],[-0.6593458151000688,-0.07369318791501675,0.7482194933072432,1.2],[0.0,0.0,0.0,1.0]]


,
//160 150 1
//147 170 0
//13 20
        "voxel_size":0.01,
        "collision_threshold":20,
        "collision_threshold2":200,
        "interpolate_num":30,
        "cam_roll":-1.5707,
        "cam_pitch":-0.0,
        "cam_yaw":-1.5707
        

    },
        "panda_robot": {
        "urdf_location": "./models/panda_coarse/panda_7link.urdf",
        "lower_limit":[-2.8973,-1.7628,-2.8973,-3.0718,-2.8973,-0.0175,-2.8973],
        "upper_limit":[2.8973,1.7628,2.8973,-0.0698,2.8973,3.7525,2.8973],
        "joint_names":["panda_joint1","panda_joint2","panda_joint3","panda_joint4","panda_joint5","panda_joint6","panda_joint7"],
        "base_link_name":"panda_link0",
        "tcp_link_name":"panda_link8",
        "base_position":[1,1,0],
        "base_orientation":[0,0,0],
        "joint_init":[0,-0.78508577,0,-2.3555949,0,1.57091693296,1.5709169296],
        "JOINTNUM":7,
        "target":[0,3.141592,0,1,0.5,0,0.5]

    },
    "jointset":{
        "home":[-6.98131556e-04, -8.88721470e-01, -8.07563677e-01,  0.00000000e+00,
       -1.44879751e+00,  5.23598667e-03],
/*
        "set":[
            [-2.76285563e-01, -7.64454053e-01, -1.05993823e+00, -1.74532889e-04,-1.28752912e+00, -2.82743280e-01],
            [-2.64417327e-01, -7.79114816e-01, -1.17914420e+00, -5.23598667e-04,-1.12887873e+00, -2.69827846e-01],
            [-2.76285563e-01, -7.64454053e-01, -1.05993823e+00, -1.74532889e-04,-1.28752912e+00, -2.82743280e-01],
            [ 0.81821018, -0.705811  , -1.1383035 , -0.05009094, -1.26902864,0.83077655],
            [0.81803565, -0.74944422, -1.23656552, -0.05235987, -1.12416634, 0.838456],
            [ 0.81821018, -0.705811  , -1.1383035 , -0.05009094, -1.26902864,0.83077655],
            [0.81803565, -0.74944422, -1.23656552, -0.05235987, -1.12416634, 0.838456],  
            [0.81821018, -0.705811  , -1.1383035 , -0.05009094, -1.26902864,0.83077655],                      
            [-2.76285563e-01, -7.64454053e-01, -1.05993823e+00, -1.74532889e-04,-1.28752912e+00, -2.82743280e-01],
            [-2.64417327e-01, -7.79114816e-01, -1.17914420e+00, -5.23598667e-04,-1.12887873e+00, -2.69827846e-01]
        ],
        

        "size":10
*/

        "set":[

            [-2.76285563e-01, -7.64454053e-01, -1.05993823e+00, -1.74532889e-04,-1.28752912e+00, -2.82743280e-01],
            [ 0.81821018, -0.705811  , -1.1383035 , -0.05009094, -1.26902864,0.83077655]
           
        ],
        

        "size":2
    }
}

